[
    {
        "identité": {
            "nom": "Larouyet",
            "prenom": "Pierre",
            "age":39
             },
        "constantes": {
            "groupe":"0+",
            "taille":175,
            "poids":72
            },
        "dossierMedical": {
            "donneur":"true",
            "allergie":"Arachide",
            "pathologie":"Neant",
            "traitement":"Neant"
            },
        "contact": {
            "nom_contact": "Larouyet",
            "prenom_contact": "Marie",
            "tel_contact": "0645232154"
            } 
    },
    {
        "identité": {
            "nom": "Micq",
            "prenom": "Guillaume",
            "age":35
             },
        "constantes": {
            "groupe":"0-",
            "taille":190,
            "poids":80
            },
        "dossierMedical": {
            "donneur":"true",
            "allergie":"Neant",
            "pathologie":"Diabete",
            "traitement":"Insuline"
            },
        "contact": {
            "nom_contact": "Micq",
            "prenom_contact": "Emilie",
            "tel_contact": "0765349877"
            }
    },

    {
        "identité": {
            "nom": "Paulin",
            "prenom": "Christiane",
            "age":52
             },
        "constantes": {
            "groupe":"0+",
            "taille":165,
            "poids":56
            },
        "dossierMedical": {
            "donneur":"true",
            "allergie":"Neant",
            "pathologie":"Hypertension",
            "traitement":["Beta-bloquants", "Aspirine"]
            },
        "contact": {
            "nom_contact": "Martin",
            "prenom_contact": "Michel",
            "tel_contact": "0636442108"
            }
    },
    {
        "identité": {
            "nom": "Comets",
            "prenom": "Pierre-Jean",
            "age":45
             },
        "constantes": {
            "groupe":"AB",
            "taille":170,
            "poids":85
            },
        "dossierMedical": {
            "donneur":"true",
            "allergie":"Aspirine",
            "pathologie":"Neant",
            "traitement":"Neant"
            },
        "contact": {
            "nom_contact": "Comets",
            "prenom_contact": "Emmanuelle",
            "tel_contact": "0712535178"
            }
    },
    {
        "identité": {
            "nom": "Krieger",
            "prenom": "Mathieu",
            "age":49
             },
        "constantes": {
            "groupe":"0+",
            "taille":165,
            "poids":60
            },
        "dossierMedical": {
            "donneur":"false",
            "allergie":["Pollen, Gluten"],
            "pathologie":"Problèmes de coagulation sanguine",
            "traitement":["Heparine, Warfarine"]
            },
        "contact": {
            "nom_contact": "Krieger",
            "prenom_contact": "Géraldine",
            "tel_contact": "0611750918"
            }
    }
]





















































































// [
//     {
//         "numeroFiche": 1,
//         "date": "20/01/2019 13:25:45",
//         "contenu": {
//             "categorie": "Signaler Danger",
//             "type": "Avalanche",
//             "statut": "Pris en compte",
//             "coordonnees": {
//                 "latitude": 42.12345678,
//                 "longitude": 2.12345678
//             },
//             "photo": "https://images.lpcdn.ca/924x615/201902/20/1614645-avalanche-produite-14-h-15.jpg"
//         }
//     },
//     {
//         "numeroFiche": 2,
//         "date": "25/01/2019 16:05:56",
//         "contenu": {
//             "categorie": "Signaler Danger",
//             "type": "Signalétique",
//             "statut": "Pris en compte",
//             "coordonnees": {
//                 "latitude": 35.67542314,
//                 "longitude": 6.45231874
//             },
//             "photo": "https://i.servimg.com/u/f84/18/98/52/35/img_2019.jpg"
//         }
//     },
//     {
//         "numeroFiche": 3,
//         "date": "30/01/2019 10:46:05",
//         "contenu": {
//             "categorie": "Signaler Danger",
//             "type": "Météo",
//             "statut": "Pris en compte",
//             "coordonnees": {
//                 "latitude": 65.13245768,
//                 "longitude": 24.56472341
//             },
//             "photo": "https://i.pinimg.com/originals/87/df/2b/87df2b3e6338bce97fb7694c46a7908c.jpg"
//         }
//     },
//     {
//         "numeroFiche": 4,
//         "date": "02/02/2019 12:05:34",
//         "contenu": {
//             "categorie": "Signaler Danger",
//             "type": "Etat des pistes",
//             "statut": "Pris en compte",
//             "coordonnees": {
//                 "latitude": 34.87654321,
//                 "longitude": 12.04562435
//             },
//             "photo": "https://www.francetvinfo.fr/image/75n7enx96-91b8/1500/843/16767407.jpg"
//         }
//     },
//     {
//         "numeroFiche": 5,
//         "date": "14/02/2019 10:15:00",
//         "contenu": {
//             "categorie": "Signaler Danger",
//             "type": "Conditions météo",
//             "statut": "Pris en compte",
//             "coordonnees": {
//                 "latitude": 44.45361232,
//                 "longitude": 18.75683421
//             },
//             "photo": "https://encrypted-tbn0.gstatic.com/images?q=tbn%3AANd9GcTrG1f0U8-q2JioWLor5aA9ko_pXDwxWbHUFhab5KkFbxCLRv8z&usqp=CAU"
//         }
//     }
// ]
