[
    {
        "type_gestes_premier_secour":"Position latérale de sécurité",
        "paragraphe_gestes_1er_secour":"ed ut perspiciatis unde omnis iste natus error sit voluptatem accusantium doloremque laudantium, totam rem aperiam, eaque ipsa quae ab illo inventore veritatis et quasi architecto beatae vitae dicta sunt explicabo. Nemo enim ipsam voluptatem quia voluptas sit aspernatur aut odit aut fugit, sed quia consequuntur magni dolores eos qui ratione voluptatem sequi nesciunt. Neque porro quisquam est, qui dolorem ipsum quia dolor sit amet, consectetur",
        "photo_gestes_1er_secour":"https://i.pinimg.com/236x/31/a9/f7/31a9f713fa9d7a5be8ce94fbeefbb11d.jpg"
    },
    {
        "type_gestes_premier_secour":"garrot improvisé",
        "paragraphe_gestes_1er_secour":"ed ut perspiciatis unde omnis iste natus error sit voluptatem accusantium doloremque laudantium, totam rem aperiam, eaque ipsa quae ab illo inventore veritatis et quasi architecto beatae vitae dicta sunt explicabo. Nemo enim ipsam voluptatem quia voluptas sit aspernatur aut odit aut fugit, sed quia consequuntur magni dolores eos qui ratione voluptatem sequi nesciunt. Neque porro quisquam est, qui dolorem ipsum quia dolor sit amet, consectetur",
        "photo_gestes_1er_secour":"https://i.pinimg.com/564x/67/de/a5/67dea597d66383e277c65f6dacec1073.jpg"
    
    },
    {
        
        "type_gestes_premier_secour":"arret cardiaque",
        "paragraphe_gestes_1er_secour":"ed ut perspiciatis unde omnis iste natus error sit voluptatem accusantium doloremque laudantium, totam rem aperiam, eaque ipsa quae ab illo inventore veritatis et quasi architecto beatae vitae dicta sunt explicabo. Nemo enim ipsam voluptatem quia voluptas sit aspernatur aut odit aut fugit, sed quia consequuntur magni dolores eos qui ratione voluptatem sequi nesciunt. Neque porro quisquam est, qui dolorem ipsum quia dolor sit amet, consectetur",
        "photo_gestes_1er_secour":"https://i.pinimg.com/originals/dc/d2/a9/dcd2a9887cdeec5eef7fbb33d3a2fd2a.jpg"
    } 
]