[[
    {
        "date":"20/01/2019 13:25:45",
        "message":"En raison de vents violents sur le haut du domaine skiable, le télésiège du SoumCouy a été fermé !",
        "photo":"https://www.port-sainte-foy.info/mairie/wp-content/uploads/2016/06/alerte_meteo_vent.jpg"
    },
    {
        "date":"25/01/2019 15:25:12",
        "message":"Ce soir la station vous propose d'assister à la descente aux flambeaux. Début de l'évènement à 21h00.",
        "photo":"https://cdn-s-www.leprogres.fr/images/344AFF1A-8963-446F-A24C-73DFD2F08BAE/NW_raw/une-descente-aux-flambeaux-animera-la-station-du-plateau-d-hauteville-demain-soir-jeudi-photo-guy-domain-1550617396.jpg"
    },
    {
        "date":"03/02/2019 10:45:01",
        "message":"Incident technique sur le télésiège du Braca. Merci d'emprunter le boulevard des pyrénées pour retourner à la station à partir du pieds de piste du Mahiné",
        "photo":"https://www.argentan.fr/wp-content/uploads/2017/05/ico_probleme_300px.png"
    },
    {
        "date":"20/02/2019 11:30:56",
        "message":"Profitez de 10% de réduction sur la boisson de votre choix réduction d'altitude Le montagnard sur présentation de votre carte N'Py",
        "photo":"https://img.over-blog-kiwi.com/2/13/56/26/20170116/ob_81a7f7_bons-plans-icon.png"
    }
]