[
    {
        "nom":"Arette La Pierre Saint Martin",
        "logo":"https://www.flocon-vert.org/wp-content/uploads/2017/09/Capture-d%E2%80%99%C3%A9cran-2017-09-27-%C3%A0-10.00.41-291x300.png"
    },
    {
        "nom":"Gourette",
        "logo":"https://www.n-py.com/sites/n-py/files/commons/2018-2019/Hiver/Landing_stations/generique/logo-gourette.png"
    },
    {
        "nom":"Artouste",
        "logo":"https://static.wixstatic.com/media/99066f_8d3d2309577143cdab120ea950659590~mv2.jpg/v1/fill/w_531,h_208,al_c/99066f_8d3d2309577143cdab120ea950659590~mv2.jpg"
    },
    {
        "nom":"Cauterets",
        "logo":"https://tracedetrail.fr/uploads/ImgTrace37221.png"
    } 
]